insert into users values("admin","{noop}pass",1);
insert into roles values("admin", "ROLE_ADMIN");

insert into users values("sri","{noop}pass",1);
insert into roles values("sri", "ROLE_STUDENT");

insert into users values("nikhil","{noop}pass",1);
insert into roles values("nikhil", "ROLE_STUDENT");

insert into users values("vineeth","{noop}pass",1);
insert into roles values("vineeth", "ROLE_STUDENT");

insert into users values("tanuj","{noop}pass",1);
insert into roles values("tanuj", "ROLE_STUDENT");

insert into users values("vamsi","{noop}pass",1);
insert into roles values("vamsi", "ROLE_STUDENT");

insert into users values("harsha","{noop}pass",1);
insert into roles values("harsha", "ROLE_STUDENT");

insert into users values("abhilash","{noop}pass",1);
insert into roles values("abhilash", "ROLE_STUDENT");

insert into users values("nikhilpeddi","{noop}pass",1);
insert into roles values("nikhilpeddi", "ROLE_STUDENT");

insert into users values("minchi","{noop}pass",1);
insert into roles values("minchi", "ROLE_INSTRUCTOR");

insert into departments values("CSC", "Computer Science");
insert into departments values("ECE", "Electronics and Communications");
insert into departments values("CIV", "Civil Engineering");
insert into departments values("EEE", "Electrical and Electronics Engineering");
insert into departments values("IT", "Information Technology");

insert into student(first_name, last_name, user_name, email, department) values("Sri", "Vura", "sri", "sri@gmail.om", "CSC");
insert into student(first_name, last_name, user_name, email, department) values("Nikhil", "Kotha", "nikhil", "nikhil@gmail.om", "IT");
insert into student(first_name, last_name, user_name, email, department) values("Vineeth", "Reddy", "vineeth", "vineeth@gmail.om", "CIV");
insert into student(first_name, last_name, user_name, email, department) values("Tanuj", "Reddy", "tanuj", "tanuj@gmail.om", "ECE");
insert into student(first_name, last_name, user_name, email, department) values("Vamsi", "Mannava", "vamsi", "vamsi@gmail.om", "EEE");
insert into student(first_name, last_name, user_name, email, department) values("Nikhil", "Peddi", "nikhilpeddi", "peddi@gmail.om", "ECE");
insert into student(first_name, last_name, user_name, email, department) values("Harsha", "Kuncha", "harsha", "harsha@gmail.om", "IT");
insert into student(first_name, last_name, user_name, email, department) values("Abhilash", "Perla", "abhilash", "abhilash@gmail.om", "CSC");

insert into instructor(first_name, last_name, user_name, email, office, department) values("Min", "Chi", "minchi", "min@gmc.om", 'EB-1 1025', "CSC");


insert into users values("aaron_abad","{noop}pass",1);
insert into roles values("aaron_abad", "ROLE_STUDENT");
insert into student(first_name, last_name, user_name, email, department) values("Aaron", "Abad", "aaron_abad", "aaron@gmail.om", "CSC");
insert into users values("abas_abaldo","{noop}pass",1);
insert into roles values("abas_abaldo", "ROLE_STUDENT");
insert into student(first_name, last_name, user_name, email, department) values("Abas", "Abaldo", "abas_abaldo", "abas@gmail.om", "CSC");
insert into users values("abbie_abarca","{noop}pass",1);
insert into roles values("abbie_abarca", "ROLE_STUDENT");
insert into student(first_name, last_name, user_name, email, department) values("Abbie", "Abarca", "abbie_abarca", "abbie@gmail.om", "CSC");
insert into users values("abby_abbott","{noop}pass",1);
insert into roles values("abby_abbott", "ROLE_STUDENT");
insert into student(first_name, last_name, user_name, email, department) values("Abby", "Abbott", "abby_abbott", "abby@gmail.om", "CSC");
insert into users values("abdul_abbruscato","{noop}pass",1);
insert into roles values("abdul_abbruscato", "ROLE_STUDENT");
insert into student(first_name, last_name, user_name, email, department) values("Abdul", "Abbruscato", "abdul_abbruscato", "abdul@gmail.om", "CSC");
insert into users values("abel_abdias","{noop}pass",1);
insert into roles values("abel_abdias", "ROLE_STUDENT");
insert into student(first_name, last_name, user_name, email, department) values("Abel", "Abdias", "abel_abdias", "abel@gmail.om", "CSC");
insert into users values("abelardo_abel","{noop}pass",1);
insert into roles values("abelardo_abel", "ROLE_STUDENT");
insert into student(first_name, last_name, user_name, email, department) values("Abelardo", "Abel", "abelardo_abel", "abelardo@gmail.om", "CSC");
insert into users values("abelrai_abigail","{noop}pass",1);
insert into roles values("abelrai_abigail", "ROLE_STUDENT");
insert into student(first_name, last_name, user_name, email, department) values("Abelrai", "Abigail", "abelrai_abigail", "abelrai@gmail.om", "CSC");
insert into users values("abigail_abito","{noop}pass",1);
insert into roles values("abigail_abito", "ROLE_STUDENT");
insert into student(first_name, last_name, user_name, email, department) values("Abigail", "Abito", "abigail_abito", "abigail@gmail.om", "CSC");
insert into users values("abisara_abogada","{noop}pass",1);
insert into roles values("abisara_abogada", "ROLE_STUDENT");
insert into student(first_name, last_name, user_name, email, department) values("Abisara", "Abogada", "abisara_abogada", "abisara@gmail.om", "CSC");
insert into users values("abogada_abogado","{noop}pass",1);
insert into roles values("abogada_abogado", "ROLE_STUDENT");
insert into student(first_name, last_name, user_name, email, department) values("Abogada", "Abogado", "abogada_abogado", "abogada@gmail.om", "IT");
insert into users values("abogados_aboud","{noop}pass",1);
insert into roles values("abogados_aboud", "ROLE_STUDENT");
insert into student(first_name, last_name, user_name, email, department) values("Abogados", "Aboud", "abogados_aboud", "abogados@gmail.om", "IT");
insert into users values("abraham_abouon","{noop}pass",1);
insert into roles values("abraham_abouon", "ROLE_STUDENT");
insert into student(first_name, last_name, user_name, email, department) values("Abraham", "Abouon", "abraham_abouon", "abraham@gmail.om", "IT");
insert into users values("abrey_abraham","{noop}pass",1);
insert into roles values("abrey_abraham", "ROLE_STUDENT");
insert into student(first_name, last_name, user_name, email, department) values("Abrey", "Abraham", "abrey_abraham", "abrey@gmail.om", "IT");
insert into users values("abril_abramo","{noop}pass",1);
insert into roles values("abril_abramo", "ROLE_STUDENT");
insert into student(first_name, last_name, user_name, email, department) values("Abril", "Abramo", "abril_abramo", "abril@gmail.om", "IT");
insert into users values("achille_abrams","{noop}pass",1);
insert into roles values("achille_abrams", "ROLE_STUDENT");
insert into student(first_name, last_name, user_name, email, department) values("Achille", "Abrams", "achille_abrams", "achille@gmail.om", "IT");
insert into users values("adam_abramyan","{noop}pass",1);
insert into roles values("adam_abramyan", "ROLE_STUDENT");
insert into student(first_name, last_name, user_name, email, department) values("Adam", "Abramyan", "adam_abramyan", "adam@gmail.om", "IT");
insert into users values("adamn_acairol","{noop}pass",1);
insert into roles values("adamn_acairol", "ROLE_STUDENT");
insert into student(first_name, last_name, user_name, email, department) values("Adamn", "Acairol", "adamn_acairol", "adamn@gmail.om", "IT");
insert into users values("adams_acevedo","{noop}pass",1);
insert into roles values("adams_acevedo", "ROLE_STUDENT");
insert into student(first_name, last_name, user_name, email, department) values("Adams", "Acevedo", "adams_acevedo", "adams@gmail.om", "IT");
insert into users values("adan_acosta","{noop}pass",1);
insert into roles values("adan_acosta", "ROLE_STUDENT");
insert into student(first_name, last_name, user_name, email, department) values("Adan", "Acosta", "adan_acosta", "adan@gmail.om", "IT");
insert into users values("adar_acra","{noop}pass",1);
insert into roles values("adar_acra", "ROLE_STUDENT");
insert into student(first_name, last_name, user_name, email, department) values("Adar", "Acra", "adar_acra", "adar@gmail.om", "CIV");
insert into users values("adel_adair","{noop}pass",1);
insert into roles values("adel_adair", "ROLE_STUDENT");
insert into student(first_name, last_name, user_name, email, department) values("Adel", "Adair", "adel_adair", "adel@gmail.om", "CIV");
insert into users values("adele_adam","{noop}pass",1);
insert into roles values("adele_adam", "ROLE_STUDENT");
insert into student(first_name, last_name, user_name, email, department) values("Adele", "Adam", "adele_adam", "adele@gmail.om", "CIV");
insert into users values("aden_adames","{noop}pass",1);
insert into roles values("aden_adames", "ROLE_STUDENT");
insert into student(first_name, last_name, user_name, email, department) values("Aden", "Adames", "aden_adames", "aden@gmail.om", "CIV");
insert into users values("adi_adams","{noop}pass",1);
insert into roles values("adi_adams", "ROLE_STUDENT");
insert into student(first_name, last_name, user_name, email, department) values("Adi", "Adams", "adi_adams", "adi@gmail.om", "CIV");
insert into users values("adimarys_adara","{noop}pass",1);
insert into roles values("adimarys_adara", "ROLE_STUDENT");
insert into student(first_name, last_name, user_name, email, department) values("Adimarys", "Adara", "adimarys_adara", "adimarys@gmail.om", "CIV");
insert into users values("adolfo_addis","{noop}pass",1);
insert into roles values("adolfo_addis", "ROLE_STUDENT");
insert into student(first_name, last_name, user_name, email, department) values("Adolfo", "Addis", "adolfo_addis", "adolfo@gmail.om", "CIV");
insert into users values("adria_adela","{noop}pass",1);
insert into roles values("adria_adela", "ROLE_STUDENT");
insert into student(first_name, last_name, user_name, email, department) values("Adria", "Adela", "adria_adela", "adria@gmail.om", "CIV");
insert into users values("adrian_adellano","{noop}pass",1);
insert into roles values("adrian_adellano", "ROLE_STUDENT");
insert into student(first_name, last_name, user_name, email, department) values("Adrian", "Adellano", "adrian_adellano", "adrian@gmail.om", "CIV");
insert into users values("adriana_adrian","{noop}pass",1);
insert into roles values("adriana_adrian", "ROLE_STUDENT");
insert into student(first_name, last_name, user_name, email, department) values("Adriana", "Adrian", "adriana_adrian", "adriana@gmail.om", "CIV");
insert into users values("adriane_adriana","{noop}pass",1);
insert into roles values("adriane_adriana", "ROLE_STUDENT");
insert into student(first_name, last_name, user_name, email, department) values("Adriane", "Adriana", "adriane_adriana", "adriane@gmail.om", "EEE");
insert into users values("adriann_aella","{noop}pass",1);
insert into roles values("adriann_aella", "ROLE_STUDENT");
insert into student(first_name, last_name, user_name, email, department) values("Adriann", "Aella", "adriann_aella", "adriann@gmail.om", "EEE");
insert into users values("adrianni_agass","{noop}pass",1);
insert into roles values("adrianni_agass", "ROLE_STUDENT");
insert into student(first_name, last_name, user_name, email, department) values("Adrianni", "Agass", "adrianni_agass", "adrianni@gmail.om", "EEE");
insert into users values("adriano_agin","{noop}pass",1);
insert into roles values("adriano_agin", "ROLE_STUDENT");
insert into student(first_name, last_name, user_name, email, department) values("Adriano", "Agin", "adriano_agin", "adriano@gmail.om", "EEE");
insert into users values("adrianus_aguilar","{noop}pass",1);
insert into roles values("adrianus_aguilar", "ROLE_STUDENT");
insert into student(first_name, last_name, user_name, email, department) values("Adrianus", "Aguilar", "adrianus_aguilar", "adrianus@gmail.om", "EEE");
insert into users values("adrien_aguilera","{noop}pass",1);
insert into roles values("adrien_aguilera", "ROLE_STUDENT");
insert into student(first_name, last_name, user_name, email, department) values("Adrien", "Aguilera", "adrien_aguilera", "adrien@gmail.om", "EEE");
insert into users values("adrienne_ahaa","{noop}pass",1);
insert into roles values("adrienne_ahaa", "ROLE_STUDENT");
insert into student(first_name, last_name, user_name, email, department) values("Adrienne", "Ahaa", "adrienne_ahaa", "adrienne@gmail.om", "EEE");
insert into users values("afrim_ahearn","{noop}pass",1);
insert into roles values("afrim_ahearn", "ROLE_STUDENT");
insert into student(first_name, last_name, user_name, email, department) values("Afrim", "Ahearn", "afrim_ahearn", "afrim@gmail.om", "EEE");
insert into users values("agathe_ahmad","{noop}pass",1);
insert into roles values("agathe_ahmad", "ROLE_STUDENT");
insert into student(first_name, last_name, user_name, email, department) values("Agathe", "Ahmad", "agathe_ahmad", "agathe@gmail.om", "EEE");
insert into users values("aggie_ahmed","{noop}pass",1);
insert into roles values("aggie_ahmed", "ROLE_STUDENT");
insert into student(first_name, last_name, user_name, email, department) values("Aggie", "Ahmed", "aggie_ahmed", "aggie@gmail.om", "EEE");
insert into users values("agnes_ahner","{noop}pass",1);
insert into roles values("agnes_ahner", "ROLE_STUDENT");
insert into student(first_name, last_name, user_name, email, department) values("Agnes", "Ahner", "agnes_ahner", "agnes@gmail.om", "ECE");
insert into users values("agnieszka_ahrens","{noop}pass",1);
insert into roles values("agnieszka_ahrens", "ROLE_STUDENT");
insert into student(first_name, last_name, user_name, email, department) values("Agnieszka", "Ahrens", "agnieszka_ahrens", "agnieszka@gmail.om", "ECE");
insert into users values("agostina_aida","{noop}pass",1);
insert into roles values("agostina_aida", "ROLE_STUDENT");
insert into student(first_name, last_name, user_name, email, department) values("Agostina", "Aida", "agostina_aida", "agostina@gmail.om", "ECE");
insert into users values("aguilar_ailloud","{noop}pass",1);
insert into roles values("aguilar_ailloud", "ROLE_STUDENT");
insert into student(first_name, last_name, user_name, email, department) values("Aguilar", "Ailloud", "aguilar_ailloud", "aguilar@gmail.om", "ECE");
insert into users values("agustin_airbnb","{noop}pass",1);
insert into roles values("agustin_airbnb", "ROLE_STUDENT");
insert into student(first_name, last_name, user_name, email, department) values("Agustin", "Airbnb", "agustin_airbnb", "agustin@gmail.om", "ECE");
insert into users values("ahlam_aistara","{noop}pass",1);
insert into roles values("ahlam_aistara", "ROLE_STUDENT");
insert into student(first_name, last_name, user_name, email, department) values("Ahlam", "Aistara", "ahlam_aistara", "ahlam@gmail.om", "ECE");
insert into users values("ahmay_aistars","{noop}pass",1);
insert into roles values("ahmay_aistars", "ROLE_STUDENT");
insert into student(first_name, last_name, user_name, email, department) values("Ahmay", "Aistars", "ahmay_aistars", "ahmay@gmail.om", "ECE");
insert into users values("ahmed_ait","{noop}pass",1);
insert into roles values("ahmed_ait", "ROLE_STUDENT");
insert into student(first_name, last_name, user_name, email, department) values("Ahmed", "Ait", "ahmed_ait", "ahmed@gmail.om", "ECE");
insert into users values("aida_akavova","{noop}pass",1);
insert into roles values("aida_akavova", "ROLE_STUDENT");
insert into student(first_name, last_name, user_name, email, department) values("Aida", "Akavova", "aida_akavova", "aida@gmail.om", "ECE");
insert into users values("aide_alain","{noop}pass",1);
insert into roles values("aide_alain", "ROLE_STUDENT");
insert into student(first_name, last_name, user_name, email, department) values("Aide", "Alain", "aide_alain", "aide@gmail.om", "ECE");


insert into users values("dimitri_dezur","{noop}pass",1);
insert into roles values("dimitri_dezur", "ROLE_INSTRUCTOR");
insert into instructor(first_name, last_name, user_name, email, office, department) values("Dimitri", "Dezur", "dimitri_dezur", "dimitri@gmail.om", "EB-1 7939", "CSC");
insert into users values("dina_dhatri","{noop}pass",1);
insert into roles values("dina_dhatri", "ROLE_INSTRUCTOR");
insert into instructor(first_name, last_name, user_name, email, office, department) values("Dina", "Dhatri", "dina_dhatri", "dina@gmail.om", "EB-1 6691", "CSC");
insert into users values("dinah_diamant","{noop}pass",1);
insert into roles values("dinah_diamant", "ROLE_INSTRUCTOR");
insert into instructor(first_name, last_name, user_name, email, office, department) values("Dinah", "Diamant", "dinah_diamant", "dinah@gmail.om", "EB-1 8090", "CSC");
insert into users values("dini_diamond","{noop}pass",1);
insert into roles values("dini_diamond", "ROLE_INSTRUCTOR");
insert into instructor(first_name, last_name, user_name, email, office, department) values("Dini", "Diamond", "dini_diamond", "dini@gmail.om", "EB-1 5312", "IT");
insert into users values("diogo_diana","{noop}pass",1);
insert into roles values("diogo_diana", "ROLE_INSTRUCTOR");
insert into instructor(first_name, last_name, user_name, email, office, department) values("Diogo", "Diana", "diogo_diana", "diogo@gmail.om", "EB-1 6154", "IT");
insert into users values("diona_diaz","{noop}pass",1);
insert into roles values("diona_diaz", "ROLE_INSTRUCTOR");
insert into instructor(first_name, last_name, user_name, email, office, department) values("Diona", "Diaz", "diona_diaz", "diona@gmail.om", "EB-1 7498", "IT");
insert into users values("dionne_dibono","{noop}pass",1);
insert into roles values("dionne_dibono", "ROLE_INSTRUCTOR");
insert into instructor(first_name, last_name, user_name, email, office, department) values("Dionne", "Dibono", "dionne_dibono", "dionne@gmail.om", "EB-1 6806", "CIV");
insert into users values("dirk_dick","{noop}pass",1);
insert into roles values("dirk_dick", "ROLE_INSTRUCTOR");
insert into instructor(first_name, last_name, user_name, email, office, department) values("Dirk", "Dick", "dirk_dick", "dirk@gmail.om", "EB-1 3401", "CIV");
insert into users values("djihane_dickey","{noop}pass",1);
insert into roles values("djihane_dickey", "ROLE_INSTRUCTOR");
insert into instructor(first_name, last_name, user_name, email, office, department) values("Djihane", "Dickey", "djihane_dickey", "djihane@gmail.om", "EB-1 6912", "CIV");
insert into users values("djulbic_dickson","{noop}pass",1);
insert into roles values("djulbic_dickson", "ROLE_INSTRUCTOR");
insert into instructor(first_name, last_name, user_name, email, office, department) values("Djulbic", "Dickson", "djulbic_dickson", "djulbic@gmail.om", "EB-1 3354", "EEE");
insert into users values("dmitri_diener","{noop}pass",1);
insert into roles values("dmitri_diener", "ROLE_INSTRUCTOR");
insert into instructor(first_name, last_name, user_name, email, office, department) values("Dmitri", "Diener", "dmitri_diener", "dmitri@gmail.om", "EB-1 4917", "EEE");
insert into users values("dodi_dies","{noop}pass",1);
insert into roles values("dodi_dies", "ROLE_INSTRUCTOR");
insert into instructor(first_name, last_name, user_name, email, office, department) values("Dodi", "Dies", "dodi_dies", "dodi@gmail.om", "EB-1 2771", "EEE");
insert into users values("dogan_dieter","{noop}pass",1);
insert into roles values("dogan_dieter", "ROLE_INSTRUCTOR");
insert into instructor(first_name, last_name, user_name, email, office, department) values("Dogan", "Dieter", "dogan_dieter", "dogan@gmail.om", "EB-1 2592", "ECE");
insert into users values("dolev_diez","{noop}pass",1);
insert into roles values("dolev_diez", "ROLE_INSTRUCTOR");
insert into instructor(first_name, last_name, user_name, email, office, department) values("Dolev", "Diez", "dolev_diez", "dolev@gmail.om", "EB-1 3743", "ECE");
insert into users values("domenic_dimaria","{noop}pass",1);
insert into roles values("domenic_dimaria", "ROLE_INSTRUCTOR");
insert into instructor(first_name, last_name, user_name, email, office, department) values("Domenic", "Dimaria", "domenic_dimaria", "domenic@gmail.om", "EB-1 8933", "ECE");


insert into course(title, description, location, timings, instructor_id, status, department, code, credits, total_strength, current_strength) values("ALDA", "Analytics of data and Data pre-processing", 'EB-2 Room 101', '1:30 PM to 2:45 PM', 1, 'Active', 'CSC', 'CSC 501', 3, 100, 1);
insert into course(title, description, location, timings, instructor_id, status, department, code, credits, total_strength, current_strength) values("DAA", "Design and Analysis of Algorithms", 'EB-2 Room 101', '1:30 PM to 2:45 PM', 1, 'Active', 'CSC', 'CSC 502', 3, 100, 91);
insert into course(title, description, location, timings, instructor_id, status, department, code, credits, total_strength, current_strength) values("CG", "Computer Graphics", 'EB-2 Room 101', '1:30 PM to 2:45 PM', 2, 'Active', 'CSC', 'CSC 503', 3, 100, 85);
insert into course(title, description, location, timings, instructor_id, status, department, code, credits, total_strength, current_strength) values("AI", "Artificial Intelligence", 'EB-2 Room 101', '1:30 PM to 2:45 PM', 2, 'Active', 'CSC', 'CSC 504', 3, 100, 1);
insert into course(title, description, location, timings, instructor_id, status, department, code, credits, total_strength, current_strength) values("ML", "Machine Learning", 'EB-2 Room 101', '1:30 PM to 2:45 PM', 3, 'Active', 'CSC', 'CSC 505', 3, 100, 23);
insert into course(title, description, location, timings, instructor_id, status, department, code, credits, total_strength, current_strength) values("OS", "Operating Systems", 'EB-2 Room 101', '1:30 PM to 2:45 PM', 3, 'Active', 'CSC', 'CSC 506', 3, 100, 11);
insert into course(title, description, location, timings, instructor_id, status, department, code, credits, total_strength, current_strength) values("DBMS", "Database Systems", 'EB-2 Room 101', '1:30 PM to 2:45 PM', 4, 'Active', 'CSC', 'CSC 507', 3, 100, 71);
insert into course(title, description, location, timings, instructor_id, status, department, code, credits, total_strength, current_strength) values("SE", "Software Engineering", 'EB-2 Room 101', '1:30 PM to 2:45 PM', 4, 'Active', 'CSC', 'CSC 508', 3, 100, 10);


insert into course(title, description, location, timings, instructor_id, status, department, code, credits, total_strength, current_strength) values("ALDA1", "Analytics of data and Data pre-processing", 'EB-2 Room 101', '1:30 PM to 2:45 PM', 5, 'Active', 'IT', 'IT 501', 3, 100, 1);
insert into course(title, description, location, timings, instructor_id, status, department, code, credits, total_strength, current_strength) values("DAA1", "Design and Analysis of Algorithms", 'EB-2 Room 101', '1:30 PM to 2:45 PM', 5, 'Active', 'IT', 'IT 502', 3, 100, 91);
insert into course(title, description, location, timings, instructor_id, status, department, code, credits, total_strength, current_strength) values("CG1", "Computer Graphics", 'EB-2 Room 101', '1:30 PM to 2:45 PM', 6, 'Active', 'IT', 'IT 503', 3, 100, 85);
insert into course(title, description, location, timings, instructor_id, status, department, code, credits, total_strength, current_strength) values("AI1", "Artificial Intelligence", 'EB-2 Room 101', '1:30 PM to 2:45 PM', 6, 'Active', 'IT', 'IT 504', 3, 100, 1);
insert into course(title, description, location, timings, instructor_id, status, department, code, credits, total_strength, current_strength) values("ML1", "Machine Learning", 'EB-2 Room 101', '1:30 PM to 2:45 PM', 7, 'Active', 'IT', 'IT 505', 3, 100, 23);
insert into course(title, description, location, timings, instructor_id, status, department, code, credits, total_strength, current_strength) values("OS1", "Operating Systems", 'EB-2 Room 101', '1:30 PM to 2:45 PM', 7, 'Active', 'IT', 'IT 506', 3, 100, 11);


insert into course(title, description, location, timings, instructor_id, status, department, code, credits, total_strength, current_strength) values("ALDA2", "Analytics of data and Data pre-processing", 'EB-2 Room 101', '1:30 PM to 2:45 PM', 8, 'Active', 'CIV', 'CIV 501', 3, 100, 1);
insert into course(title, description, location, timings, instructor_id, status, department, code, credits, total_strength, current_strength) values("DAA2", "Design and Analysis of Algorithms", 'EB-2 Room 101', '1:30 PM to 2:45 PM', 8, 'Active', 'CIV', 'CIV 502', 3, 100, 91);
insert into course(title, description, location, timings, instructor_id, status, department, code, credits, total_strength, current_strength) values("CG2", "Computer Graphics", 'EB-2 Room 101', '1:30 PM to 2:45 PM', 9, 'Active', 'CIV', 'CIV 503', 3, 100, 85);
insert into course(title, description, location, timings, instructor_id, status, department, code, credits, total_strength, current_strength) values("AI2", "Artificial Intelligence", 'EB-2 Room 101', '1:30 PM to 2:45 PM', 9, 'Active', 'CIV', 'CIV 504', 3, 100, 1);
insert into course(title, description, location, timings, instructor_id, status, department, code, credits, total_strength, current_strength) values("ML2", "Machine Learning", 'EB-2 Room 101', '1:30 PM to 2:45 PM', 10, 'Active', 'CIV', 'CIV 505', 3, 100, 23);
insert into course(title, description, location, timings, instructor_id, status, department, code, credits, total_strength, current_strength) values("OS2", "Operating Systems", 'EB-2 Room 101', '1:30 PM to 2:45 PM', 10, 'Active', 'CIV', 'CIV 506', 3, 100, 11);


insert into course(title, description, location, timings, instructor_id, status, department, code, credits, total_strength, current_strength) values("ALDA3", "Analytics of data and Data pre-processing", 'EB-2 Room 101', '1:30 PM to 2:45 PM', 11, 'Active', 'EEE', 'EEE 501', 3, 100, 1);
insert into course(title, description, location, timings, instructor_id, status, department, code, credits, total_strength, current_strength) values("DAA3", "Design and Analysis of Algorithms", 'EB-2 Room 101', '1:30 PM to 2:45 PM', 11, 'Active', 'EEE', 'EEE 502', 3, 100, 91);
insert into course(title, description, location, timings, instructor_id, status, department, code, credits, total_strength, current_strength) values("CG3", "Computer Graphics", 'EB-2 Room 101', '1:30 PM to 2:45 PM', 12, 'Active', 'EEE', 'EEE 503', 3, 100, 85);
insert into course(title, description, location, timings, instructor_id, status, department, code, credits, total_strength, current_strength) values("AI3", "Artificial Intelligence", 'EB-2 Room 101', '1:30 PM to 2:45 PM', 12, 'Active', 'EEE', 'EEE 504', 3, 100, 1);
insert into course(title, description, location, timings, instructor_id, status, department, code, credits, total_strength, current_strength) values("ML3", "Machine Learning", 'EB-2 Room 101', '1:30 PM to 2:45 PM', 13, 'Active', 'EEE', 'EEE 505', 3, 100, 23);
insert into course(title, description, location, timings, instructor_id, status, department, code, credits, total_strength, current_strength) values("OS3", "Operating Systems", 'EB-2 Room 101', '1:30 PM to 2:45 PM', 13, 'Active', 'EEE', 'EEE 506', 3, 100, 11);

insert into course(title, description, location, timings, instructor_id, status, department, code, credits, total_strength, current_strength) values("ALDA4", "Analytics of data and Data pre-processing", 'EB-2 Room 101', '1:30 PM to 2:45 PM', 14, 'Active', 'ECE', 'ECE 501', 3, 100, 1);
insert into course(title, description, location, timings, instructor_id, status, department, code, credits, total_strength, current_strength) values("DAA4", "Design and Analysis of Algorithms", 'EB-2 Room 101', '1:30 PM to 2:45 PM', 14, 'Active', 'ECE', 'ECE 502', 3, 100, 91);
insert into course(title, description, location, timings, instructor_id, status, department, code, credits, total_strength, current_strength) values("CG4", "Computer Graphics", 'EB-2 Room 101', '1:30 PM to 2:45 PM', 15, 'Active', 'ECE', 'ECE 503', 3, 100, 85);
insert into course(title, description, location, timings, instructor_id, status, department, code, credits, total_strength, current_strength) values("AI4", "Artificial Intelligence", 'EB-2 Room 101', '1:30 PM to 2:45 PM', 15, 'Active', 'ECE', 'ECE 504', 3, 100, 1);
insert into course(title, description, location, timings, instructor_id, status, department, code, credits, total_strength, current_strength) values("ML4", "Machine Learning", 'EB-2 Room 101', '1:30 PM to 2:45 PM', 16, 'Active', 'ECE', 'ECE 505', 3, 100, 23);
insert into course(title, description, location, timings, instructor_id, status, department, code, credits, total_strength, current_strength) values("OS4", "Operating Systems", 'EB-2 Room 101', '1:30 PM to 2:45 PM', 16, 'Active', 'ECE', 'ECE 506', 3, 100, 11);



insert into review(comment, rating, course_id) values("Liked it!", 0, 1);
insert into review(comment, rating, course_id) values("Can be better", 3, 1);
insert into review(comment, rating, course_id) values("Can be better", 1, 1);
insert into review(comment, rating, course_id) values("Can be better", 1, 2);
insert into review(comment, rating, course_id) values("Liked it!", 0, 2);
insert into review(comment, rating, course_id) values("Best Course", 1, 2);
insert into review(comment, rating, course_id) values("Average", 0, 3);
insert into review(comment, rating, course_id) values("Good", 1, 3);
insert into review(comment, rating, course_id) values("Loved it!!", 3, 3);
insert into review(comment, rating, course_id) values("Average", 3, 4);
insert into review(comment, rating, course_id) values("Can be better", 4, 4);
insert into review(comment, rating, course_id) values("Liked it!", 0, 4);
insert into review(comment, rating, course_id) values("Can be better", 2, 5);
insert into review(comment, rating, course_id) values("Good", 1, 5);
insert into review(comment, rating, course_id) values("Loved it!!", 5, 5);
insert into review(comment, rating, course_id) values("Loved it!!", 0, 6);
insert into review(comment, rating, course_id) values("Can be better", 0, 6);
insert into review(comment, rating, course_id) values("Average", 5, 6);
insert into review(comment, rating, course_id) values("Can be better", 3, 7);
insert into review(comment, rating, course_id) values("Bad", 0, 7);
insert into review(comment, rating, course_id) values("Best Course", 4, 7);
insert into review(comment, rating, course_id) values("Loved it!!", 0, 8);
insert into review(comment, rating, course_id) values("Good", 0, 8);
insert into review(comment, rating, course_id) values("Bad", 3, 8);
insert into review(comment, rating, course_id) values("Average", 1, 9);
insert into review(comment, rating, course_id) values("Bad", 5, 9);
insert into review(comment, rating, course_id) values("Bad", 1, 9);
insert into review(comment, rating, course_id) values("Will suggest to a friend", 0, 10);
insert into review(comment, rating, course_id) values("Can be better", 4, 10);
insert into review(comment, rating, course_id) values("Good", 3, 10);
insert into review(comment, rating, course_id) values("Will suggest to a friend", 2, 11);
insert into review(comment, rating, course_id) values("Liked it!", 3, 11);
insert into review(comment, rating, course_id) values("Liked it!", 3, 11);
insert into review(comment, rating, course_id) values("Liked it!", 3, 12);
insert into review(comment, rating, course_id) values("Good", 1, 12);
insert into review(comment, rating, course_id) values("Can be better", 3, 12);
insert into review(comment, rating, course_id) values("Liked it!", 3, 13);
insert into review(comment, rating, course_id) values("Liked it!", 4, 13);
insert into review(comment, rating, course_id) values("Average", 2, 13);
insert into review(comment, rating, course_id) values("Can be better", 1, 14);
insert into review(comment, rating, course_id) values("Will suggest to a friend", 1, 14);
insert into review(comment, rating, course_id) values("Average", 5, 14);
insert into review(comment, rating, course_id) values("Good", 3, 15);
insert into review(comment, rating, course_id) values("Average", 2, 15);
insert into review(comment, rating, course_id) values("Best Course", 2, 15);
insert into review(comment, rating, course_id) values("Bad", 1, 16);
insert into review(comment, rating, course_id) values("Liked it!", 2, 16);
insert into review(comment, rating, course_id) values("Liked it!", 2, 16);
insert into review(comment, rating, course_id) values("Will suggest to a friend", 4, 17);
insert into review(comment, rating, course_id) values("Can be better", 1, 17);
insert into review(comment, rating, course_id) values("Good", 3, 17);
insert into review(comment, rating, course_id) values("Will suggest to a friend", 4, 18);
insert into review(comment, rating, course_id) values("Bad", 3, 18);
insert into review(comment, rating, course_id) values("Liked it!", 3, 18);
insert into review(comment, rating, course_id) values("Will suggest to a friend", 5, 19);
insert into review(comment, rating, course_id) values("Loved it!!", 2, 19);
insert into review(comment, rating, course_id) values("Average", 1, 19);
insert into review(comment, rating, course_id) values("Average", 5, 20);
insert into review(comment, rating, course_id) values("Liked it!", 0, 20);
insert into review(comment, rating, course_id) values("Will suggest to a friend", 2, 20);
insert into review(comment, rating, course_id) values("Will suggest to a friend", 2, 21);
insert into review(comment, rating, course_id) values("Loved it!!", 3, 21);
insert into review(comment, rating, course_id) values("Bad", 1, 21);
insert into review(comment, rating, course_id) values("Will suggest to a friend", 5, 22);
insert into review(comment, rating, course_id) values("Will suggest to a friend", 1, 22);
insert into review(comment, rating, course_id) values("Average", 2, 22);
insert into review(comment, rating, course_id) values("Bad", 0, 23);
insert into review(comment, rating, course_id) values("Best Course", 4, 23);
insert into review(comment, rating, course_id) values("Can be better", 3, 23);
insert into review(comment, rating, course_id) values("Loved it!!", 2, 24);
insert into review(comment, rating, course_id) values("Average", 0, 24);
insert into review(comment, rating, course_id) values("Bad", 1, 24);
insert into review(comment, rating, course_id) values("Bad", 2, 25);
insert into review(comment, rating, course_id) values("Good", 5, 25);
insert into review(comment, rating, course_id) values("Average", 4, 25);
insert into review(comment, rating, course_id) values("Can be better", 1, 26);
insert into review(comment, rating, course_id) values("Will suggest to a friend", 4, 26);
insert into review(comment, rating, course_id) values("Bad", 4, 26);
insert into review(comment, rating, course_id) values("Can be better", 0, 27);
insert into review(comment, rating, course_id) values("Good", 5, 27);
insert into review(comment, rating, course_id) values("Best Course", 5, 27);
insert into review(comment, rating, course_id) values("Liked it!", 4, 28);
insert into review(comment, rating, course_id) values("Will suggest to a friend", 0, 28);
insert into review(comment, rating, course_id) values("Average", 4, 28);
insert into review(comment, rating, course_id) values("Loved it!!", 0, 29);
insert into review(comment, rating, course_id) values("Will suggest to a friend", 4, 29);
insert into review(comment, rating, course_id) values("Best Course", 1, 29);
insert into review(comment, rating, course_id) values("Loved it!!", 3, 30);
insert into review(comment, rating, course_id) values("Best Course", 5, 30);
insert into review(comment, rating, course_id) values("Average", 2, 30);
insert into review(comment, rating, course_id) values("Loved it!!", 4, 31);
insert into review(comment, rating, course_id) values("Best Course", 2, 31);
insert into review(comment, rating, course_id) values("Liked it!", 3, 31);
insert into review(comment, rating, course_id) values("Liked it!", 0, 32);
insert into review(comment, rating, course_id) values("Best Course", 2, 32);
insert into review(comment, rating, course_id) values("Will suggest to a friend", 3, 32);


insert into course_student values(1, 8);
insert into course_student values(2, 8);
insert into course_student values(5, 8);
insert into course_student values(5, 9);
insert into course_student values(4, 9);
insert into course_student values(3, 9);
insert into course_student values(5, 10);
insert into course_student values(4, 10);
insert into course_student values(3, 10);
insert into course_student values(3, 11);
insert into course_student values(8, 11);
insert into course_student values(4, 11);
insert into course_student values(1, 12);
insert into course_student values(2, 12);
insert into course_student values(5, 12);
insert into course_student values(5, 13);
insert into course_student values(7, 13);
insert into course_student values(6, 13);
insert into course_student values(5, 14);
insert into course_student values(4, 14);
insert into course_student values(3, 14);
insert into course_student values(6, 15);
insert into course_student values(3, 15);
insert into course_student values(2, 15);
insert into course_student values(5, 16);
insert into course_student values(1, 16);
insert into course_student values(8, 16);
insert into course_student values(6, 17);
insert into course_student values(5, 17);
insert into course_student values(3, 17);
insert into course_student values(8, 18);
insert into course_student values(1, 18);
insert into course_student values(5, 18);
insert into course_student values(3, 1);
insert into course_student values(1, 1);
insert into course_student values(7, 1);
insert into course_student values(10, 19);
insert into course_student values(9, 19);
insert into course_student values(12, 19);
insert into course_student values(14, 20);
insert into course_student values(12, 20);
insert into course_student values(10, 20);
insert into course_student values(9, 21);
insert into course_student values(12, 21);
insert into course_student values(13, 21);
insert into course_student values(9, 22);
insert into course_student values(11, 22);
insert into course_student values(10, 22);
insert into course_student values(11, 23);
insert into course_student values(9, 23);
insert into course_student values(13, 23);
insert into course_student values(14, 24);
insert into course_student values(12, 24);
insert into course_student values(9, 24);
insert into course_student values(11, 25);
insert into course_student values(9, 25);
insert into course_student values(14, 25);
insert into course_student values(10, 26);
insert into course_student values(13, 26);
insert into course_student values(12, 26);
insert into course_student values(13, 27);
insert into course_student values(10, 27);
insert into course_student values(14, 27);
insert into course_student values(12, 28);
insert into course_student values(10, 28);
insert into course_student values(14, 28);
insert into course_student values(10, 2);
insert into course_student values(9, 2);
insert into course_student values(13, 2);
insert into course_student values(13, 7);
insert into course_student values(12, 7);
insert into course_student values(14, 7);
insert into course_student values(18, 39);
insert into course_student values(19, 39);
insert into course_student values(17, 39);
insert into course_student values(15, 40);
insert into course_student values(18, 40);
insert into course_student values(20, 40);
insert into course_student values(20, 41);
insert into course_student values(16, 41);
insert into course_student values(15, 41);
insert into course_student values(15, 42);
insert into course_student values(16, 42);
insert into course_student values(18, 42);
insert into course_student values(18, 43);
insert into course_student values(20, 43);
insert into course_student values(17, 43);
insert into course_student values(18, 44);
insert into course_student values(19, 44);
insert into course_student values(20, 44);
insert into course_student values(15, 45);
insert into course_student values(18, 45);
insert into course_student values(20, 45);
insert into course_student values(17, 46);
insert into course_student values(20, 46);
insert into course_student values(19, 46);
insert into course_student values(18, 47);
insert into course_student values(16, 47);
insert into course_student values(17, 47);
insert into course_student values(16, 48);
insert into course_student values(18, 48);
insert into course_student values(19, 48);
insert into course_student values(15, 5);
insert into course_student values(16, 5);
insert into course_student values(19, 5);
insert into course_student values(23, 49);
insert into course_student values(24, 49);
insert into course_student values(22, 49);
insert into course_student values(21, 50);
insert into course_student values(25, 50);
insert into course_student values(23, 50);
insert into course_student values(22, 51);
insert into course_student values(25, 51);
insert into course_student values(26, 51);
insert into course_student values(23, 52);
insert into course_student values(26, 52);
insert into course_student values(25, 52);
insert into course_student values(23, 53);
insert into course_student values(24, 53);
insert into course_student values(25, 53);
insert into course_student values(23, 54);
insert into course_student values(22, 54);
insert into course_student values(25, 54);
insert into course_student values(23, 55);
insert into course_student values(25, 55);
insert into course_student values(26, 55);
insert into course_student values(25, 56);
insert into course_student values(26, 56);
insert into course_student values(22, 56);
insert into course_student values(26, 57);
insert into course_student values(25, 57);
insert into course_student values(21, 57);
insert into course_student values(24, 58);
insert into course_student values(22, 58);
insert into course_student values(26, 58);
insert into course_student values(22, 4);
insert into course_student values(21, 4);
insert into course_student values(23, 4);
insert into course_student values(23, 6);
insert into course_student values(25, 6);
insert into course_student values(24, 6);
insert into course_student values(29, 29);
insert into course_student values(31, 29);
insert into course_student values(30, 29);
insert into course_student values(32, 30);
insert into course_student values(29, 30);
insert into course_student values(27, 30);
insert into course_student values(32, 31);
insert into course_student values(28, 31);
insert into course_student values(29, 31);
insert into course_student values(27, 32);
insert into course_student values(28, 32);
insert into course_student values(30, 32);
insert into course_student values(28, 33);
insert into course_student values(27, 33);
insert into course_student values(30, 33);
insert into course_student values(30, 34);
insert into course_student values(27, 34);
insert into course_student values(31, 34);
insert into course_student values(30, 35);
insert into course_student values(29, 35);
insert into course_student values(27, 35);
insert into course_student values(27, 36);
insert into course_student values(28, 36);
insert into course_student values(31, 36);
insert into course_student values(27, 37);
insert into course_student values(28, 37);
insert into course_student values(30, 37);
insert into course_student values(32, 38);
insert into course_student values(29, 38);
insert into course_student values(28, 38);
insert into course_student values(32, 3);
insert into course_student values(30, 3);
insert into course_student values(28, 3);