insert into users values("dimitri_dezur","{noop}pass",1);
insert into roles values("dimitri_dezur", "ROLE_INSTRUCTOR");
insert into instructor(first_name, last_name, user_name, email, office, department) values("Dimitri", "Dezur", "dimitri_dezur", "dimitri@gmail.om", "EB-1 7939", "CSC");
insert into users values("dina_dhatri","{noop}pass",1);
insert into roles values("dina_dhatri", "ROLE_INSTRUCTOR");
insert into instructor(first_name, last_name, user_name, email, office, department) values("Dina", "Dhatri", "dina_dhatri", "dina@gmail.om", "EB-1 6691", "CSC");
insert into users values("dinah_diamant","{noop}pass",1);
insert into roles values("dinah_diamant", "ROLE_INSTRUCTOR");
insert into instructor(first_name, last_name, user_name, email, office, department) values("Dinah", "Diamant", "dinah_diamant", "dinah@gmail.om", "EB-1 8090", "CSC");
insert into users values("dini_diamond","{noop}pass",1);
insert into roles values("dini_diamond", "ROLE_INSTRUCTOR");
insert into instructor(first_name, last_name, user_name, email, office, department) values("Dini", "Diamond", "dini_diamond", "dini@gmail.om", "EB-1 5312", "IT");
insert into users values("diogo_diana","{noop}pass",1);
insert into roles values("diogo_diana", "ROLE_INSTRUCTOR");
insert into instructor(first_name, last_name, user_name, email, office, department) values("Diogo", "Diana", "diogo_diana", "diogo@gmail.om", "EB-1 6154", "IT");
insert into users values("diona_diaz","{noop}pass",1);
insert into roles values("diona_diaz", "ROLE_INSTRUCTOR");
insert into instructor(first_name, last_name, user_name, email, office, department) values("Diona", "Diaz", "diona_diaz", "diona@gmail.om", "EB-1 7498", "IT");
insert into users values("dionne_dibono","{noop}pass",1);
insert into roles values("dionne_dibono", "ROLE_INSTRUCTOR");
insert into instructor(first_name, last_name, user_name, email, office, department) values("Dionne", "Dibono", "dionne_dibono", "dionne@gmail.om", "EB-1 6806", "CIV");
insert into users values("dirk_dick","{noop}pass",1);
insert into roles values("dirk_dick", "ROLE_INSTRUCTOR");
insert into instructor(first_name, last_name, user_name, email, office, department) values("Dirk", "Dick", "dirk_dick", "dirk@gmail.om", "EB-1 3401", "CIV");
insert into users values("djihane_dickey","{noop}pass",1);
insert into roles values("djihane_dickey", "ROLE_INSTRUCTOR");
insert into instructor(first_name, last_name, user_name, email, office, department) values("Djihane", "Dickey", "djihane_dickey", "djihane@gmail.om", "EB-1 6912", "CIV");
insert into users values("djulbic_dickson","{noop}pass",1);
insert into roles values("djulbic_dickson", "ROLE_INSTRUCTOR");
insert into instructor(first_name, last_name, user_name, email, office, department) values("Djulbic", "Dickson", "djulbic_dickson", "djulbic@gmail.om", "EB-1 3354", "EEE");
insert into users values("dmitri_diener","{noop}pass",1);
insert into roles values("dmitri_diener", "ROLE_INSTRUCTOR");
insert into instructor(first_name, last_name, user_name, email, office, department) values("Dmitri", "Diener", "dmitri_diener", "dmitri@gmail.om", "EB-1 4917", "EEE");
insert into users values("dodi_dies","{noop}pass",1);
insert into roles values("dodi_dies", "ROLE_INSTRUCTOR");
insert into instructor(first_name, last_name, user_name, email, office, department) values("Dodi", "Dies", "dodi_dies", "dodi@gmail.om", "EB-1 2771", "EEE");
insert into users values("dogan_dieter","{noop}pass",1);
insert into roles values("dogan_dieter", "ROLE_INSTRUCTOR");
insert into instructor(first_name, last_name, user_name, email, office, department) values("Dogan", "Dieter", "dogan_dieter", "dogan@gmail.om", "EB-1 2592", "ECE");
insert into users values("dolev_diez","{noop}pass",1);
insert into roles values("dolev_diez", "ROLE_INSTRUCTOR");
insert into instructor(first_name, last_name, user_name, email, office, department) values("Dolev", "Diez", "dolev_diez", "dolev@gmail.om", "EB-1 3743", "ECE");
insert into users values("domenic_dimaria","{noop}pass",1);
insert into roles values("domenic_dimaria", "ROLE_INSTRUCTOR");
insert into instructor(first_name, last_name, user_name, email, office, department) values("Domenic", "Dimaria", "domenic_dimaria", "domenic@gmail.om", "EB-1 8933", "ECE");
