insert into users values("aaron_abad","{noop}pass",1);
insert into roles values("aaron_abad", "ROLE_STUDENT");
insert into student(first_name, last_name, user_name, email, department) values("Aaron", "Abad", "aaron_abad", "aaron@gmail.om", "CSC");
insert into users values("abas_abaldo","{noop}pass",1);
insert into roles values("abas_abaldo", "ROLE_STUDENT");
insert into student(first_name, last_name, user_name, email, department) values("Abas", "Abaldo", "abas_abaldo", "abas@gmail.om", "CSC");
insert into users values("abbie_abarca","{noop}pass",1);
insert into roles values("abbie_abarca", "ROLE_STUDENT");
insert into student(first_name, last_name, user_name, email, department) values("Abbie", "Abarca", "abbie_abarca", "abbie@gmail.om", "CSC");
insert into users values("abby_abbott","{noop}pass",1);
insert into roles values("abby_abbott", "ROLE_STUDENT");
insert into student(first_name, last_name, user_name, email, department) values("Abby", "Abbott", "abby_abbott", "abby@gmail.om", "CSC");
insert into users values("abdul_abbruscato","{noop}pass",1);
insert into roles values("abdul_abbruscato", "ROLE_STUDENT");
insert into student(first_name, last_name, user_name, email, department) values("Abdul", "Abbruscato", "abdul_abbruscato", "abdul@gmail.om", "CSC");
insert into users values("abel_abdias","{noop}pass",1);
insert into roles values("abel_abdias", "ROLE_STUDENT");
insert into student(first_name, last_name, user_name, email, department) values("Abel", "Abdias", "abel_abdias", "abel@gmail.om", "CSC");
insert into users values("abelardo_abel","{noop}pass",1);
insert into roles values("abelardo_abel", "ROLE_STUDENT");
insert into student(first_name, last_name, user_name, email, department) values("Abelardo", "Abel", "abelardo_abel", "abelardo@gmail.om", "CSC");
insert into users values("abelrai_abigail","{noop}pass",1);
insert into roles values("abelrai_abigail", "ROLE_STUDENT");
insert into student(first_name, last_name, user_name, email, department) values("Abelrai", "Abigail", "abelrai_abigail", "abelrai@gmail.om", "CSC");
insert into users values("abigail_abito","{noop}pass",1);
insert into roles values("abigail_abito", "ROLE_STUDENT");
insert into student(first_name, last_name, user_name, email, department) values("Abigail", "Abito", "abigail_abito", "abigail@gmail.om", "CSC");
insert into users values("abisara_abogada","{noop}pass",1);
insert into roles values("abisara_abogada", "ROLE_STUDENT");
insert into student(first_name, last_name, user_name, email, department) values("Abisara", "Abogada", "abisara_abogada", "abisara@gmail.om", "CSC");
insert into users values("abogada_abogado","{noop}pass",1);
insert into roles values("abogada_abogado", "ROLE_STUDENT");
insert into student(first_name, last_name, user_name, email, department) values("Abogada", "Abogado", "abogada_abogado", "abogada@gmail.om", "IT");
insert into users values("abogados_aboud","{noop}pass",1);
insert into roles values("abogados_aboud", "ROLE_STUDENT");
insert into student(first_name, last_name, user_name, email, department) values("Abogados", "Aboud", "abogados_aboud", "abogados@gmail.om", "IT");
insert into users values("abraham_abouon","{noop}pass",1);
insert into roles values("abraham_abouon", "ROLE_STUDENT");
insert into student(first_name, last_name, user_name, email, department) values("Abraham", "Abouon", "abraham_abouon", "abraham@gmail.om", "IT");
insert into users values("abrey_abraham","{noop}pass",1);
insert into roles values("abrey_abraham", "ROLE_STUDENT");
insert into student(first_name, last_name, user_name, email, department) values("Abrey", "Abraham", "abrey_abraham", "abrey@gmail.om", "IT");
insert into users values("abril_abramo","{noop}pass",1);
insert into roles values("abril_abramo", "ROLE_STUDENT");
insert into student(first_name, last_name, user_name, email, department) values("Abril", "Abramo", "abril_abramo", "abril@gmail.om", "IT");
insert into users values("achille_abrams","{noop}pass",1);
insert into roles values("achille_abrams", "ROLE_STUDENT");
insert into student(first_name, last_name, user_name, email, department) values("Achille", "Abrams", "achille_abrams", "achille@gmail.om", "IT");
insert into users values("adam_abramyan","{noop}pass",1);
insert into roles values("adam_abramyan", "ROLE_STUDENT");
insert into student(first_name, last_name, user_name, email, department) values("Adam", "Abramyan", "adam_abramyan", "adam@gmail.om", "IT");
insert into users values("adamn_acairol","{noop}pass",1);
insert into roles values("adamn_acairol", "ROLE_STUDENT");
insert into student(first_name, last_name, user_name, email, department) values("Adamn", "Acairol", "adamn_acairol", "adamn@gmail.om", "IT");
insert into users values("adams_acevedo","{noop}pass",1);
insert into roles values("adams_acevedo", "ROLE_STUDENT");
insert into student(first_name, last_name, user_name, email, department) values("Adams", "Acevedo", "adams_acevedo", "adams@gmail.om", "IT");
insert into users values("adan_acosta","{noop}pass",1);
insert into roles values("adan_acosta", "ROLE_STUDENT");
insert into student(first_name, last_name, user_name, email, department) values("Adan", "Acosta", "adan_acosta", "adan@gmail.om", "IT");
insert into users values("adar_acra","{noop}pass",1);
insert into roles values("adar_acra", "ROLE_STUDENT");
insert into student(first_name, last_name, user_name, email, department) values("Adar", "Acra", "adar_acra", "adar@gmail.om", "CIV");
insert into users values("adel_adair","{noop}pass",1);
insert into roles values("adel_adair", "ROLE_STUDENT");
insert into student(first_name, last_name, user_name, email, department) values("Adel", "Adair", "adel_adair", "adel@gmail.om", "CIV");
insert into users values("adele_adam","{noop}pass",1);
insert into roles values("adele_adam", "ROLE_STUDENT");
insert into student(first_name, last_name, user_name, email, department) values("Adele", "Adam", "adele_adam", "adele@gmail.om", "CIV");
insert into users values("aden_adames","{noop}pass",1);
insert into roles values("aden_adames", "ROLE_STUDENT");
insert into student(first_name, last_name, user_name, email, department) values("Aden", "Adames", "aden_adames", "aden@gmail.om", "CIV");
insert into users values("adi_adams","{noop}pass",1);
insert into roles values("adi_adams", "ROLE_STUDENT");
insert into student(first_name, last_name, user_name, email, department) values("Adi", "Adams", "adi_adams", "adi@gmail.om", "CIV");
insert into users values("adimarys_adara","{noop}pass",1);
insert into roles values("adimarys_adara", "ROLE_STUDENT");
insert into student(first_name, last_name, user_name, email, department) values("Adimarys", "Adara", "adimarys_adara", "adimarys@gmail.om", "CIV");
insert into users values("adolfo_addis","{noop}pass",1);
insert into roles values("adolfo_addis", "ROLE_STUDENT");
insert into student(first_name, last_name, user_name, email, department) values("Adolfo", "Addis", "adolfo_addis", "adolfo@gmail.om", "CIV");
insert into users values("adria_adela","{noop}pass",1);
insert into roles values("adria_adela", "ROLE_STUDENT");
insert into student(first_name, last_name, user_name, email, department) values("Adria", "Adela", "adria_adela", "adria@gmail.om", "CIV");
insert into users values("adrian_adellano","{noop}pass",1);
insert into roles values("adrian_adellano", "ROLE_STUDENT");
insert into student(first_name, last_name, user_name, email, department) values("Adrian", "Adellano", "adrian_adellano", "adrian@gmail.om", "CIV");
insert into users values("adriana_adrian","{noop}pass",1);
insert into roles values("adriana_adrian", "ROLE_STUDENT");
insert into student(first_name, last_name, user_name, email, department) values("Adriana", "Adrian", "adriana_adrian", "adriana@gmail.om", "CIV");
insert into users values("adriane_adriana","{noop}pass",1);
insert into roles values("adriane_adriana", "ROLE_STUDENT");
insert into student(first_name, last_name, user_name, email, department) values("Adriane", "Adriana", "adriane_adriana", "adriane@gmail.om", "EEE");
insert into users values("adriann_aella","{noop}pass",1);
insert into roles values("adriann_aella", "ROLE_STUDENT");
insert into student(first_name, last_name, user_name, email, department) values("Adriann", "Aella", "adriann_aella", "adriann@gmail.om", "EEE");
insert into users values("adrianni_agass","{noop}pass",1);
insert into roles values("adrianni_agass", "ROLE_STUDENT");
insert into student(first_name, last_name, user_name, email, department) values("Adrianni", "Agass", "adrianni_agass", "adrianni@gmail.om", "EEE");
insert into users values("adriano_agin","{noop}pass",1);
insert into roles values("adriano_agin", "ROLE_STUDENT");
insert into student(first_name, last_name, user_name, email, department) values("Adriano", "Agin", "adriano_agin", "adriano@gmail.om", "EEE");
insert into users values("adrianus_aguilar","{noop}pass",1);
insert into roles values("adrianus_aguilar", "ROLE_STUDENT");
insert into student(first_name, last_name, user_name, email, department) values("Adrianus", "Aguilar", "adrianus_aguilar", "adrianus@gmail.om", "EEE");
insert into users values("adrien_aguilera","{noop}pass",1);
insert into roles values("adrien_aguilera", "ROLE_STUDENT");
insert into student(first_name, last_name, user_name, email, department) values("Adrien", "Aguilera", "adrien_aguilera", "adrien@gmail.om", "EEE");
insert into users values("adrienne_ahaa","{noop}pass",1);
insert into roles values("adrienne_ahaa", "ROLE_STUDENT");
insert into student(first_name, last_name, user_name, email, department) values("Adrienne", "Ahaa", "adrienne_ahaa", "adrienne@gmail.om", "EEE");
insert into users values("afrim_ahearn","{noop}pass",1);
insert into roles values("afrim_ahearn", "ROLE_STUDENT");
insert into student(first_name, last_name, user_name, email, department) values("Afrim", "Ahearn", "afrim_ahearn", "afrim@gmail.om", "EEE");
insert into users values("agathe_ahmad","{noop}pass",1);
insert into roles values("agathe_ahmad", "ROLE_STUDENT");
insert into student(first_name, last_name, user_name, email, department) values("Agathe", "Ahmad", "agathe_ahmad", "agathe@gmail.om", "EEE");
insert into users values("aggie_ahmed","{noop}pass",1);
insert into roles values("aggie_ahmed", "ROLE_STUDENT");
insert into student(first_name, last_name, user_name, email, department) values("Aggie", "Ahmed", "aggie_ahmed", "aggie@gmail.om", "EEE");
insert into users values("agnes_ahner","{noop}pass",1);
insert into roles values("agnes_ahner", "ROLE_STUDENT");
insert into student(first_name, last_name, user_name, email, department) values("Agnes", "Ahner", "agnes_ahner", "agnes@gmail.om", "ECE");
insert into users values("agnieszka_ahrens","{noop}pass",1);
insert into roles values("agnieszka_ahrens", "ROLE_STUDENT");
insert into student(first_name, last_name, user_name, email, department) values("Agnieszka", "Ahrens", "agnieszka_ahrens", "agnieszka@gmail.om", "ECE");
insert into users values("agostina_aida","{noop}pass",1);
insert into roles values("agostina_aida", "ROLE_STUDENT");
insert into student(first_name, last_name, user_name, email, department) values("Agostina", "Aida", "agostina_aida", "agostina@gmail.om", "ECE");
insert into users values("aguilar_ailloud","{noop}pass",1);
insert into roles values("aguilar_ailloud", "ROLE_STUDENT");
insert into student(first_name, last_name, user_name, email, department) values("Aguilar", "Ailloud", "aguilar_ailloud", "aguilar@gmail.om", "ECE");
insert into users values("agustin_airbnb","{noop}pass",1);
insert into roles values("agustin_airbnb", "ROLE_STUDENT");
insert into student(first_name, last_name, user_name, email, department) values("Agustin", "Airbnb", "agustin_airbnb", "agustin@gmail.om", "ECE");
insert into users values("ahlam_aistara","{noop}pass",1);
insert into roles values("ahlam_aistara", "ROLE_STUDENT");
insert into student(first_name, last_name, user_name, email, department) values("Ahlam", "Aistara", "ahlam_aistara", "ahlam@gmail.om", "ECE");
insert into users values("ahmay_aistars","{noop}pass",1);
insert into roles values("ahmay_aistars", "ROLE_STUDENT");
insert into student(first_name, last_name, user_name, email, department) values("Ahmay", "Aistars", "ahmay_aistars", "ahmay@gmail.om", "ECE");
insert into users values("ahmed_ait","{noop}pass",1);
insert into roles values("ahmed_ait", "ROLE_STUDENT");
insert into student(first_name, last_name, user_name, email, department) values("Ahmed", "Ait", "ahmed_ait", "ahmed@gmail.om", "ECE");
insert into users values("aida_akavova","{noop}pass",1);
insert into roles values("aida_akavova", "ROLE_STUDENT");
insert into student(first_name, last_name, user_name, email, department) values("Aida", "Akavova", "aida_akavova", "aida@gmail.om", "ECE");
insert into users values("aide_alain","{noop}pass",1);
insert into roles values("aide_alain", "ROLE_STUDENT");
insert into student(first_name, last_name, user_name, email, department) values("Aide", "Alain", "aide_alain", "aide@gmail.om", "ECE");
